case_id,family,n,execution_mode,measured_run_count,median_time_ns,q1_time_ns,q3_time_ns,iqr_time_ns,mean_time_ns,stdev_time_ns,median_over_minimal_ratio,all_correct,error_count
flat_valid_n128_001,flat_valid,128,checked,15,2712375,2675792,2733875,58083,2723727.8666666667,58823.00689339973,1.159568214610164,True,0
flat_valid_n128_001,flat_valid,128,counters_only,15,2352917,2349208,2392417,43209,2371958.2666666666,42418.03012781015,1.005896221877839,True,0
flat_valid_n128_001,flat_valid,128,instrumented,15,2710667,2653625,2732667,79042,2711258.466666667,54004.74357983574,1.1588380270400256,True,0
flat_valid_n128_001,flat_valid,128,minimal,15,2339125,2299875,2377709,77834,2344336.2,44344.23340219753,1.0,True,0
flat_valid_n128_001,flat_valid,128,trace_only,15,2629791,2616625,2663833,47208,2643172.3333333335,43730.98606687199,1.1242627050713407,True,0
flat_valid_n256_001,flat_valid,256,checked,15,5710833,5678458,5777458,99000,5724086.066666666,84431.38442331794,1.1518225588755657,True,0
flat_valid_n256_001,flat_valid,256,counters_only,15,4977083,4950834,5084500,133666,5015075.066666666,93550.83137484033,1.0038319237834614,True,0
flat_valid_n256_001,flat_valid,256,instrumented,15,5671208,5632417,5750333,117916,5686563.866666666,84574.01734902027,1.143830560353556,True,0
flat_valid_n256_001,flat_valid,256,minimal,15,4958084,4907875,5036916,129041,4962113.933333334,73109.21452131605,1.0,True,0
flat_valid_n256_001,flat_valid,256,trace_only,15,5537084,5473916,5564667,90751,5544141.666666667,101229.21535707725,1.1167789815581988,True,0
flat_valid_n32_001,flat_valid,32,checked,15,633583,632166,639542,7376,636666.5333333333,9042.369520893346,1.1647645590284543,True,0
flat_valid_n32_001,flat_valid,32,counters_only,15,549541,548292,550834,2542,555805.6,23393.528127607064,1.01026366006199,True,0
flat_valid_n32_001,flat_valid,32,instrumented,15,626125,624250,645292,21042,635244.4,15082.827017126843,1.1510539416646137,True,0
flat_valid_n32_001,flat_valid,32,minimal,15,543958,541458,545708,4250,548683.2,13300.16376483495,1.0,True,0
flat_valid_n32_001,flat_valid,32,trace_only,15,617500,613542,640750,27208,631225.1333333333,27227.962824133225,1.1351979380761015,True,0
flat_valid_n64_001,flat_valid,64,checked,15,1310084,1304875,1326084,21209,1320677.8,34205.75627246719,1.167589092030423,True,0
flat_valid_n64_001,flat_valid,64,counters_only,15,1134625,1133042,1138125,5083,1138614.0666666667,12656.148322154768,1.011214375219466,True,0
flat_valid_n64_001,flat_valid,64,instrumented,15,1321667,1295583,1338875,43292,1327227.8666666667,43992.81043674988,1.1779122350143756,True,0
flat_valid_n64_001,flat_valid,64,minimal,15,1122042,1116583,1136250,19667,1136216.6666666667,30859.336398444815,1.0,True,0
flat_valid_n64_001,flat_valid,64,trace_only,15,1270792,1266333,1304167,37834,1286399.9333333333,34660.218061441374,1.132570795032628,True,0
incremental_valid_n128_001,incremental_valid,128,checked,15,15745916,15661708,15855334,193626,15723513.866666667,131848.2717422171,4.286985040395234,True,0
incremental_valid_n128_001,incremental_valid,128,counters_only,15,3755292,3745750,3799125,53375,3777536.2,77417.69818255845,1.0224162650376072,True,0
incremental_valid_n128_001,incremental_valid,128,instrumented,15,4166167,4113084,4277125,164041,4207102.666666667,126293.76815395053,1.1342811434271778,True,0
incremental_valid_n128_001,incremental_valid,128,minimal,15,3672958,3662083,3718625,56542,3709927.7333333334,99046.33237131764,1.0,True,0
incremental_valid_n128_001,incremental_valid,128,trace_only,15,4034458,4012958,4081667,68709,4055869.4,67701.70605130379,1.098422034774152,True,0
incremental_valid_n128_002,incremental_valid,128,checked,15,16518541,16464084,16535041,70957,16501361.066666666,104765.40465962625,4.302403646426828,True,0
incremental_valid_n128_002,incremental_valid,128,counters_only,15,3912083,3869417,4007750,138333,3934108.4,83975.80867709122,1.0189374572684355,True,0
incremental_valid_n128_002,incremental_valid,128,instrumented,15,4291708,4268084,4344250,76166,4322989,84167.89059374126,1.117814227576103,True,0
incremental_valid_n128_002,incremental_valid,128,minimal,15,3839375,3798000,3870458,72458,3854769.4,69743.143733478,1.0,True,0
incremental_valid_n128_002,incremental_valid,128,trace_only,15,4182583,4162209,4338458,176249,4224936.066666666,90622.23032809386,1.0893916327527267,True,0
incremental_valid_n128_003,incremental_valid,128,checked,15,15844833,15721375,15853291,131916,15798360.933333334,119480.3485763404,4.238853130016051,True,0
incremental_valid_n128_003,incremental_valid,128,counters_only,15,3788416,3770167,3839959,69792,3814136,75030.16615240261,1.0134874264312466,True,0
incremental_valid_n128_003,incremental_valid,128,instrumented,15,4193500,4171083,4219459,48376,4186949.933333333,61602.64103042831,1.121856607811664,True,0
incremental_valid_n128_003,incremental_valid,128,minimal,15,3738000,3680958,3831625,150667,3757863.7333333334,88452.34167090585,1.0,True,0
incremental_valid_n128_003,incremental_valid,128,trace_only,15,4081666,4058667,4091333,32666,4097536.2,69610.87608495016,1.0919384697699304,True,0
incremental_valid_n256_001,incremental_valid,256,checked,15,77012959,76649667,77190917,541250,76955347.4,420589.2986587476,8.427693094930305,True,0
incremental_valid_n256_001,incremental_valid,256,counters_only,15,9205500,9133208,9317167,183959,9213119.4,110723.96023109516,1.0073775867433028,True,0
incremental_valid_n256_001,incremental_valid,256,instrumented,15,9983292,9944917,10052333,107416,9988466.666666666,96148.34016074675,1.0924930316347532,True,0
incremental_valid_n256_001,incremental_valid,256,minimal,15,9138083,9034417,9242666,208249,9132030.6,109723.1920287203,1.0,True,0
incremental_valid_n256_001,incremental_valid,256,trace_only,15,9862542,9781792,9911958,130166,9839489,135417.81245463982,1.0792791004415259,True,0
incremental_valid_n256_002,incremental_valid,256,checked,15,85925791,83787708,87682875,3895167,85879158.33333333,2145825.5307042976,8.785980495660732,True,0
incremental_valid_n256_002,incremental_valid,256,counters_only,15,9781916,9472792,9897500,424708,9731111,302229.2178898091,1.0002086938738992,True,0
incremental_valid_n256_002,incremental_valid,256,instrumented,15,10356458,10255792,10705875,450083,10614588.8,763475.839592022,1.0589560705019236,True,0
incremental_valid_n256_002,incremental_valid,256,minimal,15,9779875,9390791,9953000,562209,9811733.4,607440.1720120027,1.0,True,0
incremental_valid_n256_002,incremental_valid,256,trace_only,15,10318000,10230292,10571125,340833,10535461.266666668,683245.5593495824,1.0550237094032389,True,0
incremental_valid_n256_003,incremental_valid,256,checked,15,70953666,70682333,71107000,424667,70889905.46666667,324922.97407844366,7.98870335237988,True,0
incremental_valid_n256_003,incremental_valid,256,counters_only,15,8989042,8932958,9218958,286000,9054111.2,157634.98750331867,1.012080051791595,True,0
incremental_valid_n256_003,incremental_valid,256,instrumented,15,9822833,9767500,9943250,175750,9841513.933333334,105344.9818260168,1.1059569341627495,True,0
incremental_valid_n256_003,incremental_valid,256,minimal,15,8881750,8844458,9008750,164292,8918363.933333334,137163.8708195767,1.0,True,0
incremental_valid_n256_003,incremental_valid,256,trace_only,15,9617875,9590292,9719333,129041,9632533.333333334,122914.70127616763,1.0828806260027584,True,0
incremental_valid_n32_001,incremental_valid,32,checked,15,1121333,1115417,1127958,12541,1126555.5333333334,22164.05694190054,1.50995859282949,True,0
incremental_valid_n32_001,incremental_valid,32,counters_only,15,753042,747250,765292,18042,754336.0666666667,10976.968358904063,1.0140272681366773,True,0
incremental_valid_n32_001,incremental_valid,32,instrumented,15,839292,833750,855542,21792,855033.4,37852.34816041328,1.1301693317623296,True,0
incremental_valid_n32_001,incremental_valid,32,minimal,15,742625,728708,758583,29875,743944.4,16759.433065760735,1.0,True,0
incremental_valid_n32_001,incremental_valid,32,trace_only,15,821708,814583,831958,17375,826727.7333333333,28806.83427707159,1.1064911631038545,True,0
incremental_valid_n32_002,incremental_valid,32,checked,15,1116958,1112292,1128791,16499,1126761.0666666667,25269.621873666714,1.5480152229530644,True,0
incremental_valid_n32_002,incremental_valid,32,counters_only,15,732167,727333,743916,16583,744311.0666666667,34100.13342970683,1.0147254075299843,True,0
incremental_valid_n32_002,incremental_valid,32,instrumented,15,817625,813250,831208,17958,826222.2666666667,28263.981957018488,1.1331634194544462,True,0
incremental_valid_n32_002,incremental_valid,32,minimal,15,721542,720959,728875,7916,722386.3333333334,8861.522488236647,1.0,True,0
incremental_valid_n32_002,incremental_valid,32,trace_only,15,801959,800167,817167,17000,807330.6666666666,13289.555193387596,1.1114515856318827,True,0
incremental_valid_n32_003,incremental_valid,32,checked,15,1631458,1624833,1647375,22542,1641911.0666666667,31373.82234435642,2.030333199758071,True,0
incremental_valid_n32_003,incremental_valid,32,counters_only,15,834750,821500,853750,32250,845202.8666666667,35012.66618742967,1.0388380445577208,True,0
incremental_valid_n32_003,incremental_valid,32,instrumented,15,911541,909584,921833,12249,918794.3333333334,21887.937887164724,1.1344036777169084,True,0
incremental_valid_n32_003,incremental_valid,32,minimal,15,803542,797666,812541,14875,809991.7333333333,27107.939323238515,1.0,True,0
incremental_valid_n32_003,incremental_valid,32,trace_only,15,896000,887417,905709,18292,897400,12434.936233968276,1.1150630583093355,True,0
incremental_valid_n64_001,incremental_valid,64,checked,15,4392250,4383708,4412709,29001,4404100.133333334,43591.371462491894,2.5906605867465053,True,0
incremental_valid_n64_001,incremental_valid,64,counters_only,15,1724709,1713083,1755125,42042,1744261.0666666667,55324.49337637337,1.0172771654407147,True,0
incremental_valid_n64_001,incremental_valid,64,instrumented,15,1905750,1901125,1920375,19250,1916799.9333333333,46427.00363007144,1.1240597445938079,True,0
incremental_valid_n64_001,incremental_valid,64,minimal,15,1695417,1678375,1728500,50125,1714072.4,52030.9148512415,1.0,True,0
incremental_valid_n64_001,incremental_valid,64,trace_only,15,1868334,1849458,1902167,52709,1870702.8666666667,38616.11083078199,1.1019908376523297,True,0
incremental_valid_n64_002,incremental_valid,64,checked,15,4077708,4059917,4143375,83458,4114833.2666666666,85516.28859585478,2.4875449138325454,True,0
incremental_valid_n64_002,incremental_valid,64,counters_only,15,1668500,1658458,1682417,23959,1675902.6666666667,27417.644964164087,1.0178435260027452,True,0
incremental_valid_n64_002,incremental_valid,64,instrumented,15,1850500,1838083,1887584,49501,1867741.7333333334,54803.03855687809,1.128869910019826,True,0
incremental_valid_n64_002,incremental_valid,64,minimal,15,1639250,1630625,1650375,19750,1647683.3333333333,36462.53516118912,1.0,True,0
incremental_valid_n64_002,incremental_valid,64,trace_only,15,1824292,1789875,1844750,54875,1820769.4,41069.37564275496,1.1128821107213664,True,0
incremental_valid_n64_003,incremental_valid,64,checked,15,4450500,4432709,4504875,72166,4470008.333333333,67408.03054179679,2.6303828875285986,True,0
incremental_valid_n64_003,incremental_valid,64,counters_only,15,1729167,1723833,1760208,36375,1744716.8,47118.37555743437,1.0219910766159228,True,0
incremental_valid_n64_003,incremental_valid,64,instrumented,15,1920584,1909667,1935875,26208,1936630.6666666667,46357.661944411964,1.1351244326842436,True,0
incremental_valid_n64_003,incremental_valid,64,minimal,15,1691959,1687500,1711292,23792,1700730.6666666667,30831.210632980958,1.0,True,0
incremental_valid_n64_003,incremental_valid,64,trace_only,15,1880458,1862000,1926584,64584,1895847.2,45637.26362180049,1.1114087279892717,True,0
nested_valid_n128_001,nested_valid,128,checked,15,3704334,3695667,3738541,42874,3720425.066666667,53828.7171929454,1.1139735136380284,True,0
nested_valid_n128_001,nested_valid,128,counters_only,15,3349250,3332792,3412750,79958,3371063.8666666667,68396.19582243556,1.0071920595043986,True,0
nested_valid_n128_001,nested_valid,128,instrumented,15,3712583,3652167,3729208,77041,3710525,72817.9856756361,1.116454166709269,True,0
nested_valid_n128_001,nested_valid,128,minimal,15,3325334,3309917,3358292,48375,3338058.4,42191.27424987981,1.0,True,0
nested_valid_n128_001,nested_valid,128,trace_only,15,3636250,3617708,3668250,50542,3652944.466666667,65062.212165266064,1.0934991793305575,True,0
nested_valid_n256_001,nested_valid,256,checked,15,9267875,9225750,9345333,119583,9269522.2,83712.29361944739,1.0901671431801174,True,0
nested_valid_n256_001,nested_valid,256,counters_only,15,8630041,8542208,8711709,169501,8844952.866666667,921992.63272838,1.0151396239696029,True,0
nested_valid_n256_001,nested_valid,256,instrumented,15,9281917,9227792,9343833,116041,9428938.8,531754.7955181975,1.091818883953977,True,0
nested_valid_n256_001,nested_valid,256,minimal,15,8501334,8446583,8590500,143917,8516152.866666667,118664.68041735241,1.0,True,0
nested_valid_n256_001,nested_valid,256,trace_only,15,9203709,9096042,9222959,126917,9188478.066666666,95089.25319964747,1.082619386557451,True,0
nested_valid_n32_001,nested_valid,32,checked,15,725959,725208,735625,10417,730258.4,10974.14715072266,1.1285061838169914,True,0
nested_valid_n32_001,nested_valid,32,counters_only,15,642750,638667,649291,10624,649980.6,26290.602437807644,0.9991574588211886,True,0
nested_valid_n32_001,nested_valid,32,instrumented,15,715959,715334,718375,3041,717047.4,5498.681189937404,1.1129611436175173,True,0
nested_valid_n32_001,nested_valid,32,minimal,15,643292,632250,651334,19084,641280.5333333333,12208.485631294481,1.0,True,0
nested_valid_n32_001,nested_valid,32,trace_only,15,706583,702416,716750,14334,713822.1333333333,20244.48608833903,1.0983861139264905,True,0
nested_valid_n64_001,nested_valid,64,checked,15,1618250,1596625,1635208,38583,1625369.6,47347.30736317385,1.1393118014608818,True,0
nested_valid_n64_001,nested_valid,64,counters_only,15,1435250,1422625,1444584,21959,1437983.2666666666,23995.738250979564,1.010472586464842,True,0
nested_valid_n64_001,nested_valid,64,instrumented,15,1593083,1588416,1604125,15709,1602291.5333333334,25313.12348189223,1.1215932412215084,True,0
nested_valid_n64_001,nested_valid,64,minimal,15,1420375,1413333,1444208,30875,1431202.8666666667,33126.55572598315,1.0,True,0
nested_valid_n64_001,nested_valid,64,trace_only,15,1565292,1560167,1576417,16250,1569999.8666666667,17650.818649030203,1.1020272815277656,True,0
