case_id,family,n,algorithm,measured_run_count,median_time_ns,q1_time_ns,q3_time_ns,iqr_time_ns,mean_time_ns,stdev_time_ns,all_correct,error_count
flat_valid_n128_001,flat_valid,128,python_sort,10,479.0,458,500,42,499.8,59.00433129111041,True,0
flat_valid_n128_001,flat_valid,128,simplified_jordan_paper_ordinary_list,10,1730708.5,1722458,1750583,28125,1737925.1,20764.847167214542,True,0
flat_valid_n128_001,flat_valid,128,simplified_jordan_reference,10,1881979.0,1875959,1902417,26458,1890533.3,23837.842156490966,True,0
flat_valid_n256_001,flat_valid,256,python_sort,10,709.0,667,750,83,712.7,36.33195716048216,True,0
flat_valid_n256_001,flat_valid,256,simplified_jordan_paper_ordinary_list,10,3664542.0,3621167,3719166,97999,3666783.4,46173.812070864966,True,0
flat_valid_n256_001,flat_valid,256,simplified_jordan_reference,10,7144979.0,7135500,7153584,18084,7146058.2,21410.363003824936,True,0
flat_valid_n32_001,flat_valid,32,python_sort,10,291.5,291,292,1,287.4,23.57116882973774,True,0
flat_valid_n32_001,flat_valid,32,simplified_jordan_paper_ordinary_list,10,410166.5,404209,414083,9874,409791.7,6281.697170705099,True,0
flat_valid_n32_001,flat_valid,32,simplified_jordan_reference,10,160458.5,156417,161416,4999,161425,6875.925311468187,True,0
flat_valid_n512_001,flat_valid,512,python_sort,10,1395.5,1250,1625,375,1433.4,195.5778901387146,True,0
flat_valid_n512_001,flat_valid,512,simplified_jordan_paper_ordinary_list,10,8120666.5,8097791,8145166,47375,8121137.3,48616.658322590985,True,0
flat_valid_n512_001,flat_valid,512,simplified_jordan_reference,10,28965520.5,28929292,29021416,92124,28970150,74278.0257007414,True,0
flat_valid_n64_001,flat_valid,64,python_sort,10,375.0,375,417,42,404.2,73.86143182413343,True,0
flat_valid_n64_001,flat_valid,64,simplified_jordan_paper_ordinary_list,10,851604.5,845625,860292,14667,855720.9,14003.186553622556,True,0
flat_valid_n64_001,flat_valid,64,simplified_jordan_reference,10,527146.0,521041,536083,15042,527375,9459.98852477575,True,0
incremental_valid_n128_001,incremental_valid,128,python_sort,10,2687.5,2625,2792,167,2700,98.02153958300299,True,0
incremental_valid_n128_001,incremental_valid,128,simplified_jordan_paper_ordinary_list,10,2813291.0,2797625,2827500,29875,2815999.8,25134.830922668072,True,0
incremental_valid_n128_001,incremental_valid,128,simplified_jordan_reference,10,2077396.0,2067667,2089209,21542,2083950,26067.76112365617,True,0
incremental_valid_n128_002,incremental_valid,128,python_sort,10,2709.0,2708,2791,83,2745.8,74.45774342239734,True,0
incremental_valid_n128_002,incremental_valid,128,simplified_jordan_paper_ordinary_list,10,2876062.5,2856834,2915958,59124,2886354.2,38347.43845943298,True,0
incremental_valid_n128_002,incremental_valid,128,simplified_jordan_reference,10,2097542.0,2088625,2104208,15583,2098725.1,16866.13103530267,True,0
incremental_valid_n128_003,incremental_valid,128,python_sort,10,2812.5,2750,2875,125,2804.3,85.54667342061487,True,0
incremental_valid_n128_003,incremental_valid,128,simplified_jordan_paper_ordinary_list,10,2825146.0,2819500,2844250,24750,2832204.2,24507.413049932464,True,0
incremental_valid_n128_003,incremental_valid,128,simplified_jordan_reference,10,2073604.5,2068042,2108709,40667,2086975.2,26362.454399307277,True,0
incremental_valid_n128_004,incremental_valid,128,python_sort,10,2729.5,2667,2792,125,2729.3,79.19883556944228,True,0
incremental_valid_n128_004,incremental_valid,128,simplified_jordan_paper_ordinary_list,10,2904167.0,2894500,2911417,16917,2903000.2,16500.683210097697,True,0
incremental_valid_n128_004,incremental_valid,128,simplified_jordan_reference,10,2127146.0,2124667,2170125,45458,2138199.9,24744.990978871752,True,0
incremental_valid_n128_005,incremental_valid,128,python_sort,10,2833.0,2709,3583,874,3175,639.661542449512,True,0
incremental_valid_n128_005,incremental_valid,128,simplified_jordan_paper_ordinary_list,10,2748249.5,2723417,2787125,63708,2757962.6,46459.63158891575,True,0
incremental_valid_n128_005,incremental_valid,128,simplified_jordan_reference,10,2104666.5,2079416,2116583,37167,2119370.7,54679.12524304357,True,0
incremental_valid_n256_001,incremental_valid,256,python_sort,10,5271.0,5209,5375,166,5604.4,1102.2182885234465,True,0
incremental_valid_n256_001,incremental_valid,256,simplified_jordan_paper_ordinary_list,10,6827917.0,6755000,6876250,121250,6818641.8,75448.14046423617,True,0
incremental_valid_n256_001,incremental_valid,256,simplified_jordan_reference,10,7965854.0,7962500,7986875,24375,7971366.8,21572.035497632372,True,0
incremental_valid_n256_002,incremental_valid,256,python_sort,10,5104.0,5000,5208,208,5374.8,911.986452141088,True,0
incremental_valid_n256_002,incremental_valid,256,simplified_jordan_paper_ordinary_list,10,6832291.5,6790000,6877500,87500,6838674.9,52545.1061268105,True,0
incremental_valid_n256_002,incremental_valid,256,simplified_jordan_reference,10,7948854.5,7918542,7999083,80541,7957787.4,44292.06938593961,True,0
incremental_valid_n256_003,incremental_valid,256,python_sort,10,5187.5,5166,5209,43,5454.2,897.6072885424029,True,0
incremental_valid_n256_003,incremental_valid,256,simplified_jordan_paper_ordinary_list,10,6686395.5,6615625,6715084,99459,6670087.5,63790.39553664973,True,0
incremental_valid_n256_003,incremental_valid,256,simplified_jordan_reference,10,7961042.0,7934292,7978667,44375,7955921.1,29015.558697782202,True,0
incremental_valid_n256_004,incremental_valid,256,python_sort,10,5375.5,5208,5584,376,5596,750.334888196227,True,0
incremental_valid_n256_004,incremental_valid,256,simplified_jordan_paper_ordinary_list,10,6348792.0,6331000,6404750,73750,6355733.5,60601.83415128621,True,0
incremental_valid_n256_004,incremental_valid,256,simplified_jordan_reference,10,7862375.0,7840667,7879292,38625,7869083.4,52334.16630802057,True,0
incremental_valid_n256_005,incremental_valid,256,python_sort,10,4937.5,4833,5000,167,5375,1114.3952021911557,True,0
incremental_valid_n256_005,incremental_valid,256,simplified_jordan_paper_ordinary_list,10,6385750.0,6377000,6449875,72875,6415433.3,71694.95986322113,True,0
incremental_valid_n256_005,incremental_valid,256,simplified_jordan_reference,10,7810083.5,7792459,7837041,44582,7822241.6,45474.893278721516,True,0
incremental_valid_n32_001,incremental_valid,32,python_sort,10,812.5,750,834,84,796,53.54126134736337,True,0
incremental_valid_n32_001,incremental_valid,32,simplified_jordan_paper_ordinary_list,10,571645.5,564292,575708,11416,569220.8,8184.591360192232,True,0
incremental_valid_n32_001,incremental_valid,32,simplified_jordan_reference,10,184667.0,180333,185375,5042,183875,2998.577885153783,True,0
incremental_valid_n32_002,incremental_valid,32,python_sort,10,875.0,833,875,42,887.5,87.98642572073894,True,0
incremental_valid_n32_002,incremental_valid,32,simplified_jordan_paper_ordinary_list,10,552709.0,550875,555792,4917,558737.6,18772.483409974764,True,0
incremental_valid_n32_002,incremental_valid,32,simplified_jordan_reference,10,182042.0,179541,185625,6084,183141.6,5374.118887987334,True,0
incremental_valid_n32_003,incremental_valid,32,python_sort,10,645.5,625,708,83,704.1,181.42182277162186,True,0
incremental_valid_n32_003,incremental_valid,32,simplified_jordan_paper_ordinary_list,10,627312.5,618291,636917,18626,630116.6,15886.8817386477,True,0
incremental_valid_n32_003,incremental_valid,32,simplified_jordan_reference,10,177229.0,176583,178958,2375,178783.3,5127.452996696638,True,0
incremental_valid_n32_004,incremental_valid,32,python_sort,10,834.0,791,875,84,825.1,58.17874755154726,True,0
incremental_valid_n32_004,incremental_valid,32,simplified_jordan_paper_ordinary_list,10,569729.0,566708,576583,9875,572683.1,11046.488727695832,True,0
incremental_valid_n32_004,incremental_valid,32,simplified_jordan_reference,10,182875.0,178708,184625,5917,182975,4805.827874108222,True,0
incremental_valid_n32_005,incremental_valid,32,python_sort,10,791.5,750,833,83,804,92.05795276165263,True,0
incremental_valid_n32_005,incremental_valid,32,simplified_jordan_paper_ordinary_list,10,602083.0,599291,620167,20876,608183.4,12618.168886349733,True,0
incremental_valid_n32_005,incremental_valid,32,simplified_jordan_reference,10,180000.5,179667,187917,8250,183900,7647.66083336743,True,0
incremental_valid_n512_001,incremental_valid,512,python_sort,10,11771.0,11084,12084,1000,11737.6,702.1356627382552,True,0
incremental_valid_n512_001,incremental_valid,512,simplified_jordan_paper_ordinary_list,10,19555708.5,19368791,19642334,273543,19487250.1,166658.651604243,True,0
incremental_valid_n512_001,incremental_valid,512,simplified_jordan_reference,10,33278187.5,33264625,33310667,46042,33281025.1,62239.51875786887,True,0
incremental_valid_n512_002,incremental_valid,512,python_sort,10,10458.0,10333,11333,1000,11170.7,1605.820527539322,True,0
incremental_valid_n512_002,incremental_valid,512,simplified_jordan_paper_ordinary_list,10,18936666.0,18909250,18984041,74791,18957087.2,93149.92411018559,True,0
incremental_valid_n512_002,incremental_valid,512,simplified_jordan_reference,10,33117250.0,33074541,33182041,107500,33135574.9,71982.48506322755,True,0
incremental_valid_n512_003,incremental_valid,512,python_sort,10,10770.5,10541,11250,709,11320.6,1554.9802571093949,True,0
incremental_valid_n512_003,incremental_valid,512,simplified_jordan_paper_ordinary_list,10,18768583.5,18712834,18868625,155791,18795283.7,96773.67516249217,True,0
incremental_valid_n512_003,incremental_valid,512,simplified_jordan_reference,10,33277645.5,33200833,33368083,167250,33266145.8,119427.61224812664,True,0
incremental_valid_n512_004,incremental_valid,512,python_sort,10,11208.0,10584,13500,2916,12004.2,2081.41777535303,True,0
incremental_valid_n512_004,incremental_valid,512,simplified_jordan_paper_ordinary_list,10,18850583.5,18672292,18948084,275792,18822071,172957.6168359045,True,0
incremental_valid_n512_004,incremental_valid,512,simplified_jordan_reference,10,33270541.5,33217125,33294125,77000,33261112.6,93081.92321605737,True,0
incremental_valid_n512_005,incremental_valid,512,python_sort,10,11270.5,10750,11959,1209,11671,1240.689772308578,True,0
incremental_valid_n512_005,incremental_valid,512,simplified_jordan_paper_ordinary_list,10,18358000.0,18171834,18393833,221999,18321204.3,165498.61418892775,True,0
incremental_valid_n512_005,incremental_valid,512,simplified_jordan_reference,10,32949645.5,32906333,32962708,56375,32934329.1,54777.62700318443,True,0
incremental_valid_n64_001,incremental_valid,64,python_sort,10,1209.0,1208,1250,42,1304.4,275.16104375438033,True,0
incremental_valid_n64_001,incremental_valid,64,simplified_jordan_paper_ordinary_list,10,1301437.5,1294667,1315750,21083,1308345.7,24213.74950564704,True,0
incremental_valid_n64_001,incremental_valid,64,simplified_jordan_reference,10,585687.5,580209,590208,9999,585058.3,5394.37192410345,True,0
incremental_valid_n64_002,incremental_valid,64,python_sort,10,1458.0,1417,1500,83,1450,54.85739087245522,True,0
incremental_valid_n64_002,incremental_valid,64,simplified_jordan_paper_ordinary_list,10,1264042.0,1254458,1271125,16667,1265779.3,13315.388675013082,True,0
incremental_valid_n64_002,incremental_valid,64,simplified_jordan_reference,10,588375.0,583458,595375,11917,591595.8,12354.457331487918,True,0
incremental_valid_n64_003,incremental_valid,64,python_sort,10,1437.5,1416,1500,84,1449.9,51.323483903569915,True,0
incremental_valid_n64_003,incremental_valid,64,simplified_jordan_paper_ordinary_list,10,1311729.0,1308458,1328833,20375,1317633.3,15418.359590292202,True,0
incremental_valid_n64_003,incremental_valid,64,simplified_jordan_reference,10,592833.5,588000,597667,9667,593496,7550.5916618795145,True,0
incremental_valid_n64_004,incremental_valid,64,python_sort,10,1416.0,1375,1458,83,1445.7,98.33621464705213,True,0
incremental_valid_n64_004,incremental_valid,64,simplified_jordan_paper_ordinary_list,10,1298042.0,1277500,1305750,28250,1308625,57326.348762540634,True,0
incremental_valid_n64_004,incremental_valid,64,simplified_jordan_reference,10,584208.5,581250,590291,9041,587116.6,8872.890574979247,True,0
incremental_valid_n64_005,incremental_valid,64,python_sort,10,1417.0,1375,1458,83,1516.7,308.1587073066229,True,0
incremental_valid_n64_005,incremental_valid,64,simplified_jordan_paper_ordinary_list,10,1218458.5,1208125,1236209,28084,1226954.3,28968.535597744285,True,0
incremental_valid_n64_005,incremental_valid,64,simplified_jordan_reference,10,572937.5,570416,586375,15959,576279.2,9273.246498515082,True,0
nested_valid_n128_001,nested_valid,128,python_sort,10,2333.0,2208,2750,542,2412.4,273.1841869508556,True,0
nested_valid_n128_001,nested_valid,128,simplified_jordan_paper_ordinary_list,10,2481146.0,2464500,2503875,39375,2483375.1,22921.76186000253,True,0
nested_valid_n128_001,nested_valid,128,simplified_jordan_reference,10,2223688.0,2207333,2234667,27334,2227096.1,23159.20555848149,True,0
nested_valid_n256_001,nested_valid,256,python_sort,10,4771.0,4250,5792,1542,4858.5,798.2968328468636,True,0
nested_valid_n256_001,nested_valid,256,simplified_jordan_paper_ordinary_list,10,6289229.0,6253583,6342500,88917,6296108.3,51789.26179999951,True,0
nested_valid_n256_001,nested_valid,256,simplified_jordan_reference,10,8525250.0,8486417,8551334,64917,8533375,61796.82475302073,True,0
nested_valid_n32_001,nested_valid,32,python_sort,10,708.0,666,750,84,712.3,63.559333609540694,True,0
nested_valid_n32_001,nested_valid,32,simplified_jordan_paper_ordinary_list,10,479937.5,478084,483750,5666,480258.5,5309.500881543491,True,0
nested_valid_n32_001,nested_valid,32,simplified_jordan_reference,10,185833.5,184875,186542,1667,185891.7,4040.7338181187943,True,0
nested_valid_n512_001,nested_valid,512,python_sort,10,10583.5,10250,10959,709,10525.1,896.9603546298898,True,0
nested_valid_n512_001,nested_valid,512,simplified_jordan_paper_ordinary_list,10,17892771.0,17779875,18061375,281500,17924700,166659.08214275833,True,0
nested_valid_n512_001,nested_valid,512,simplified_jordan_reference,10,34424645.5,34346666,34502459,155793,34434958.3,90167.07332138736,True,0
nested_valid_n64_001,nested_valid,64,python_sort,10,1167.0,1125,1459,334,1396,470.6076450245529,True,0
nested_valid_n64_001,nested_valid,64,simplified_jordan_paper_ordinary_list,10,1057604.5,1051667,1073667,22000,1064925.1,18047.454461625453,True,0
nested_valid_n64_001,nested_valid,64,simplified_jordan_reference,10,612208.5,606292,621125,14833,615987.4,13077.821719741149,True,0
