protocol_version,execution_id,case_id,case_index,family,n,seed,sequence_sha256,oracle_valid,oracle_reason,category,upper_interval_count,lower_interval_count,total_interval_count,upper_root_count,lower_root_count,upper_nesting_count,lower_nesting_count,nesting_count,nesting_density,parented_interval_ratio,upper_max_depth,lower_max_depth,max_depth,upper_containment_pair_count,lower_containment_pair_count,containment_pair_count,containment_pair_density,upper_crossing_pair_count,lower_crossing_pair_count,total_crossing_pair_count,audit_execution_mode,audit_passed,diagnostic_output_sha256,diagnostic_processed_count,diagnostic_trace_event_count,paper_predecessor_accesses,paper_successor_accesses,paper_boundary_pair_checks,paper_sibling_scan_checks,paper_sibling_lists_created,paper_sibling_list_insertions,paper_sibling_list_splits,paper_split_items_scanned,paper_split_items_copied,paper_split_items_transferred,paper_output_insertions,paper_z1_boundary_adjustments,paper_z1_output_anchor_adjustments,paper_invariant_checks,paper_trace_event_count
week12_formal_sorting_v1,week12_formal_sorting_v1__run001,flat_valid_n32_001,1,flat_valid,32,,4d459b563c403474d2f85cbb867d86fd52e6f44fff3cd9448aaa3ff4efb3f2b7,True,,strict_flat,16,15,31,16,15,0,0,0,0.0,0.0,0,0,0,0,0,0,0.0,0,0,0,checked,True,4d459b563c403474d2f85cbb867d86fd52e6f44fff3cd9448aaa3ff4efb3f2b7,32,205,29,29,29,0,0,29,0,0,0,0,29,0,0,30,205
week12_formal_sorting_v1,week12_formal_sorting_v1__run001,flat_valid_n64_001,2,flat_valid,64,,083f2c24bd07c07802ed045dbd299caf03100e9506df8a8cae0aac89a6a32511,True,,strict_flat,32,31,63,32,31,0,0,0,0.0,0.0,0,0,0,0,0,0,0.0,0,0,0,checked,True,083f2c24bd07c07802ed045dbd299caf03100e9506df8a8cae0aac89a6a32511,64,429,61,61,61,0,0,61,0,0,0,0,61,0,0,62,429
week12_formal_sorting_v1,week12_formal_sorting_v1__run001,flat_valid_n128_001,3,flat_valid,128,,f0d76dfdfbf5467a030817361d4cedd8ddc8e86a9b24ee55e7749eb72a658b53,True,,strict_flat,64,63,127,64,63,0,0,0,0.0,0.0,0,0,0,0,0,0,0.0,0,0,0,checked,True,f0d76dfdfbf5467a030817361d4cedd8ddc8e86a9b24ee55e7749eb72a658b53,128,877,125,125,125,0,0,125,0,0,0,0,125,0,0,126,877
week12_formal_sorting_v1,week12_formal_sorting_v1__run001,flat_valid_n256_001,4,flat_valid,256,,cd095f49e534e18d8cd5be896b1d644ec58567b1e334366b4baa24a10cade754,True,,strict_flat,128,127,255,128,127,0,0,0,0.0,0.0,0,0,0,0,0,0,0.0,0,0,0,checked,True,cd095f49e534e18d8cd5be896b1d644ec58567b1e334366b4baa24a10cade754,256,1773,253,253,253,0,0,253,0,0,0,0,253,0,0,254,1773
week12_formal_sorting_v1,week12_formal_sorting_v1__run001,flat_valid_n512_001,5,flat_valid,512,,cee2d84d07588bde247877928568e20c93ac99dfc7b4c4e8524423bbe6910632,True,,strict_flat,256,255,511,256,255,0,0,0,0.0,0.0,0,0,0,0,0,0,0.0,0,0,0,checked,True,cee2d84d07588bde247877928568e20c93ac99dfc7b4c4e8524423bbe6910632,512,3565,509,509,509,0,0,509,0,0,0,0,509,0,0,510,3565
week12_formal_sorting_v1,week12_formal_sorting_v1__run001,nested_valid_n32_001,6,nested_valid,32,,c4ce843cb915959f6acab25ba8a3acf43bee7a477a9a8b49500ec9d597b318f8,True,,nested_heavy_valid,16,15,31,1,1,15,14,29,0.9354838709677419,0.9354838709677419,15,14,15,120,105,225,1.0,0,0,0,checked,True,4d459b563c403474d2f85cbb867d86fd52e6f44fff3cd9448aaa3ff4efb3f2b7,32,205,29,29,58,0,29,0,0,0,0,0,29,0,0,30,205
week12_formal_sorting_v1,week12_formal_sorting_v1__run001,nested_valid_n64_001,7,nested_valid,64,,ea059a873c98f3c61b9df811763c08bfca2290d8372a4983505916ba09df8e37,True,,nested_heavy_valid,32,31,63,1,1,31,30,61,0.9682539682539683,0.9682539682539683,31,30,31,496,465,961,1.0,0,0,0,checked,True,083f2c24bd07c07802ed045dbd299caf03100e9506df8a8cae0aac89a6a32511,64,429,61,61,122,0,61,0,0,0,0,0,61,0,0,62,429
week12_formal_sorting_v1,week12_formal_sorting_v1__run001,nested_valid_n128_001,8,nested_valid,128,,c71b70903cdc8e2d30ba2b2cfe709cb50e8806c04c7946881d8134c6e9224fce,True,,nested_heavy_valid,64,63,127,1,1,63,62,125,0.984251968503937,0.984251968503937,63,62,63,2016,1953,3969,1.0,0,0,0,checked,True,f0d76dfdfbf5467a030817361d4cedd8ddc8e86a9b24ee55e7749eb72a658b53,128,877,125,125,250,0,125,0,0,0,0,0,125,0,0,126,877
week12_formal_sorting_v1,week12_formal_sorting_v1__run001,nested_valid_n256_001,9,nested_valid,256,,84b2d345819154bee03817aaa7addcfd1cdeb098f99c5604a315b7fa1582bdb4,True,,nested_heavy_valid,128,127,255,1,1,127,126,253,0.9921568627450981,0.9921568627450981,127,126,127,8128,8001,16129,1.0,0,0,0,checked,True,cd095f49e534e18d8cd5be896b1d644ec58567b1e334366b4baa24a10cade754,256,1773,253,253,506,0,253,0,0,0,0,0,253,0,0,254,1773
week12_formal_sorting_v1,week12_formal_sorting_v1__run001,nested_valid_n512_001,10,nested_valid,512,,35a4a942a09ff9692b8263b4cc8b108234482ec6116ddf1910887d380e54fc52,True,,nested_heavy_valid,256,255,511,1,1,255,254,509,0.9960861056751468,0.9960861056751468,255,254,255,32640,32385,65025,1.0,0,0,0,checked,True,cee2d84d07588bde247877928568e20c93ac99dfc7b4c4e8524423bbe6910632,512,3565,509,509,1018,0,509,0,0,0,0,0,509,0,0,510,3565
week12_formal_sorting_v1,week12_formal_sorting_v1__run001,incremental_valid_n32_001,11,incremental_valid,32,20293202,0fba973cfcad5cc23a33b98747f27ad018b8199b6b0f39b9e22b3bb48767fad1,True,,nested_heavy_valid,16,15,31,3,3,13,12,25,0.8064516129032258,0.8064516129032258,6,7,7,45,43,88,0.39111111111111113,0,0,0,checked,True,4d459b563c403474d2f85cbb867d86fd52e6f44fff3cd9448aaa3ff4efb3f2b7,32,205,29,30,54,11,20,9,10,11,11,7,29,1,1,30,205
week12_formal_sorting_v1,week12_formal_sorting_v1__run001,incremental_valid_n32_002,12,incremental_valid,32,20293203,d4aed11d55ac5aad43ea53c0164231a6beebc1f5a93b1e5a4e0a589abba947ec,True,,nested_heavy_valid,16,15,31,2,1,14,14,28,0.9032258064516129,0.9032258064516129,9,10,10,67,81,148,0.6577777777777778,0,0,0,checked,True,4d459b563c403474d2f85cbb867d86fd52e6f44fff3cd9448aaa3ff4efb3f2b7,32,205,30,30,57,8,24,5,8,8,8,3,29,2,1,30,205
week12_formal_sorting_v1,week12_formal_sorting_v1__run001,incremental_valid_n32_003,13,incremental_valid,32,20293204,f220236a8c3e53b6808069e8412f27f13f38c8d724261966160e4b6fb724012b,True,,nested_heavy_valid,16,15,31,2,2,14,13,27,0.8709677419354839,0.8709677419354839,6,4,6,39,32,71,0.31555555555555553,0,0,0,checked,True,4d459b563c403474d2f85cbb867d86fd52e6f44fff3cd9448aaa3ff4efb3f2b7,32,205,29,29,56,22,18,11,16,22,22,11,29,0,0,30,205
week12_formal_sorting_v1,week12_formal_sorting_v1__run001,incremental_valid_n32_004,14,incremental_valid,32,20293205,ae28da9972a41b6dd4fd90ac7d97b07b0e46a9a453c9bfc25271f3a81bc841d7,True,,nested_heavy_valid,16,15,31,2,1,14,14,28,0.9032258064516129,0.9032258064516129,5,8,8,38,62,100,0.4444444444444444,0,0,0,checked,True,4d459b563c403474d2f85cbb867d86fd52e6f44fff3cd9448aaa3ff4efb3f2b7,32,205,30,29,57,16,21,8,15,16,16,8,29,1,1,30,205
week12_formal_sorting_v1,week12_formal_sorting_v1__run001,incremental_valid_n32_005,15,incremental_valid,32,20293206,d20c947284ffa25d9eba1bbb7fceba33a63f0a88083e51b649c2bb20161fd705,True,,nested_heavy_valid,16,15,31,2,1,14,14,28,0.9032258064516129,0.9032258064516129,7,7,7,46,48,94,0.4177777777777778,0,0,0,checked,True,4d459b563c403474d2f85cbb867d86fd52e6f44fff3cd9448aaa3ff4efb3f2b7,32,205,30,29,57,17,22,7,13,17,17,6,29,1,1,30,205
week12_formal_sorting_v1,week12_formal_sorting_v1__run001,incremental_valid_n32_006,16,incremental_valid,32,20293207,06a07d86aa90d21ce00f79070704ecf6b2d0cae6ee9af3723b49e812d5327d9d,True,,nested_heavy_valid,16,15,31,1,1,15,14,29,0.9354838709677419,0.9354838709677419,6,7,7,67,59,126,0.56,0,0,0,checked,True,4d459b563c403474d2f85cbb867d86fd52e6f44fff3cd9448aaa3ff4efb3f2b7,32,205,29,29,58,16,23,6,13,16,16,8,29,0,0,30,205
week12_formal_sorting_v1,week12_formal_sorting_v1__run001,incremental_valid_n32_007,17,incremental_valid,32,20293208,5a9dcb0c1b1d13dcf3642af48ca5c0a6fea8ac745aaafc0ef721c0f54d232b96,True,,nested_heavy_valid,16,15,31,1,3,15,12,27,0.8709677419354839,0.8709677419354839,9,7,9,65,50,115,0.5111111111111111,0,0,0,checked,True,4d459b563c403474d2f85cbb867d86fd52e6f44fff3cd9448aaa3ff4efb3f2b7,32,205,29,29,54,14,25,4,11,14,14,6,29,0,0,30,205
week12_formal_sorting_v1,week12_formal_sorting_v1__run001,incremental_valid_n32_008,18,incremental_valid,32,20293209,48b31df0fd7d495c207fc0e551580369ccda8f4a6c9777270cb787e749d7f113,True,,nested_heavy_valid,16,15,31,1,3,15,12,27,0.8709677419354839,0.8709677419354839,8,9,9,54,56,110,0.4888888888888889,0,0,0,checked,True,4d459b563c403474d2f85cbb867d86fd52e6f44fff3cd9448aaa3ff4efb3f2b7,32,205,29,29,54,14,22,7,11,14,14,4,29,0,0,30,205
week12_formal_sorting_v1,week12_formal_sorting_v1__run001,incremental_valid_n32_009,19,incremental_valid,32,20293210,bb767a218eea44228fa875578f45c09a0f075ba5192d2f455237d67e4bf4ca3f,True,,nested_heavy_valid,16,15,31,2,3,14,12,26,0.8387096774193549,0.8387096774193549,8,5,8,53,29,82,0.36444444444444446,0,0,0,checked,True,4d459b563c403474d2f85cbb867d86fd52e6f44fff3cd9448aaa3ff4efb3f2b7,32,205,31,29,54,20,21,8,17,20,20,11,29,2,0,30,205
week12_formal_sorting_v1,week12_formal_sorting_v1__run001,incremental_valid_n32_010,20,incremental_valid,32,20293211,66222bf53f6ca2c89dfb54ba480d8298b16ca28aa71b70b0171da0d4486e850b,True,,nested_heavy_valid,16,15,31,2,4,14,11,25,0.8064516129032258,0.8064516129032258,7,3,7,40,19,59,0.26222222222222225,0,0,0,checked,True,4d459b563c403474d2f85cbb867d86fd52e6f44fff3cd9448aaa3ff4efb3f2b7,32,205,29,30,52,20,20,9,15,20,20,9,29,1,0,30,205
week12_formal_sorting_v1,week12_formal_sorting_v1__run001,incremental_valid_n64_001,21,incremental_valid,64,20325202,13bc8dc29aff70825daa06a33f41a4e022b51287a1fa614702a68854a1734867,True,,nested_heavy_valid,32,31,63,1,3,31,28,59,0.9365079365079365,0.9365079365079365,14,11,14,244,169,413,0.4297606659729448,0,0,0,checked,True,083f2c24bd07c07802ed045dbd299caf03100e9506df8a8cae0aac89a6a32511,64,429,61,61,120,40,40,21,30,40,40,22,61,0,0,62,429
week12_formal_sorting_v1,week12_formal_sorting_v1__run001,incremental_valid_n64_002,22,incremental_valid,64,20325203,cb4e861edc4134d6ebece3527e8ad0cd6d7288711e4635628b32a4e5cd79ad7d,True,,nested_heavy_valid,32,31,63,1,3,31,28,59,0.9365079365079365,0.9365079365079365,13,12,13,234,196,430,0.4474505723204995,0,0,0,checked,True,083f2c24bd07c07802ed045dbd299caf03100e9506df8a8cae0aac89a6a32511,64,429,61,62,119,34,46,15,30,34,34,12,61,1,1,62,429
week12_formal_sorting_v1,week12_formal_sorting_v1__run001,incremental_valid_n64_003,23,incremental_valid,64,20325204,bc927b53f118105807e7885f68c81a2a8407af232a0d41bee722594875104242,True,,nested_heavy_valid,32,31,63,3,1,29,30,59,0.9365079365079365,0.9365079365079365,11,11,11,177,192,369,0.3839750260145682,0,0,0,checked,True,083f2c24bd07c07802ed045dbd299caf03100e9506df8a8cae0aac89a6a32511,64,429,62,63,121,41,45,16,29,41,41,18,61,3,3,62,429
week12_formal_sorting_v1,week12_formal_sorting_v1__run001,incremental_valid_n64_004,24,incremental_valid,64,20325205,d49ad87d3ede3725f3abbea6f26140bdf93786b8cda21735ce50c06d6d3b15e2,True,,nested_heavy_valid,32,31,63,1,2,31,29,60,0.9523809523809523,0.9523809523809523,15,13,15,251,223,474,0.49323621227887615,0,0,0,checked,True,083f2c24bd07c07802ed045dbd299caf03100e9506df8a8cae0aac89a6a32511,64,429,62,61,121,33,46,15,27,33,33,14,61,1,0,62,429
week12_formal_sorting_v1,week12_formal_sorting_v1__run001,incremental_valid_n64_005,25,incremental_valid,64,20325206,d1048f3e590d114446d860b425f0b8b744def084b698f4ddee5aae68bb9cc918,True,,nested_heavy_valid,32,31,63,2,1,30,30,60,0.9523809523809523,0.9523809523809523,13,12,13,167,189,356,0.3704474505723205,0,0,0,checked,True,083f2c24bd07c07802ed045dbd299caf03100e9506df8a8cae0aac89a6a32511,64,429,62,61,120,30,45,16,23,30,30,14,61,1,0,62,429
week12_formal_sorting_v1,week12_formal_sorting_v1__run001,incremental_valid_n64_006,26,incremental_valid,64,20325207,3852a0e203c5d50f8301f2f6f0a4fbb0b40dfefabee90066a19646ba19380d0d,True,,nested_heavy_valid,32,31,63,2,1,30,30,60,0.9523809523809523,0.9523809523809523,15,18,18,239,316,555,0.5775234131113424,0,0,0,checked,True,083f2c24bd07c07802ed045dbd299caf03100e9506df8a8cae0aac89a6a32511,64,429,62,61,121,23,50,11,22,23,23,7,61,1,0,62,429
week12_formal_sorting_v1,week12_formal_sorting_v1__run001,incremental_valid_n64_007,27,incremental_valid,64,20325208,0378d767e08ad8e6a8f27c84cc37fb7b73d222831c97b618e2e07608305c1338,True,,nested_heavy_valid,32,31,63,2,2,30,29,59,0.9365079365079365,0.9365079365079365,19,21,21,272,331,603,0.627471383975026,0,0,0,checked,True,083f2c24bd07c07802ed045dbd299caf03100e9506df8a8cae0aac89a6a32511,64,429,61,61,120,19,50,11,17,19,19,7,61,0,0,62,429
week12_formal_sorting_v1,week12_formal_sorting_v1__run001,incremental_valid_n64_008,28,incremental_valid,64,20325209,c693be5522cc7781d95fbdffc360ac8dd244e6d8ca913ce4f3e9eecc856cd7a2,True,,nested_heavy_valid,32,31,63,3,4,29,27,56,0.8888888888888888,0.8888888888888888,13,11,13,186,153,339,0.35275754422476585,0,0,0,checked,True,083f2c24bd07c07802ed045dbd299caf03100e9506df8a8cae0aac89a6a32511,64,429,63,61,120,40,39,22,27,40,40,19,61,2,0,62,429
week12_formal_sorting_v1,week12_formal_sorting_v1__run001,incremental_valid_n64_009,29,incremental_valid,64,20325210,2303e0f045c3082f44a6a34f63acb93995ea2a18eeaac58934b203c77e5ec4e5,True,,nested_heavy_valid,32,31,63,2,2,30,29,59,0.9365079365079365,0.9365079365079365,14,14,14,205,204,409,0.4255983350676379,0,0,0,checked,True,083f2c24bd07c07802ed045dbd299caf03100e9506df8a8cae0aac89a6a32511,64,429,62,62,116,39,44,17,29,39,39,16,61,2,1,62,429
week12_formal_sorting_v1,week12_formal_sorting_v1__run001,incremental_valid_n64_010,30,incremental_valid,64,20325211,26195f7243238dcdb1e9f9be4af4c8d236e20f1d9d2179df98986c7832b82500,True,,nested_heavy_valid,32,31,63,2,1,30,30,60,0.9523809523809523,0.9523809523809523,8,8,8,108,144,252,0.26222684703433924,0,0,0,checked,True,083f2c24bd07c07802ed045dbd299caf03100e9506df8a8cae0aac89a6a32511,64,429,61,61,119,51,41,20,35,51,51,31,61,0,0,62,429
week12_formal_sorting_v1,week12_formal_sorting_v1__run001,incremental_valid_n128_001,31,incremental_valid,128,20389202,2d7d7106286103e0d16d559de14d99b2d379e79e5a9167799a09bc2a22f03902,True,,nested_heavy_valid,64,63,127,1,1,63,62,125,0.984251968503937,0.984251968503937,35,31,35,1142,884,2026,0.5104560342655581,0,0,0,checked,True,f0d76dfdfbf5467a030817361d4cedd8ddc8e86a9b24ee55e7749eb72a658b53,128,877,125,125,250,63,94,31,44,63,63,20,125,0,0,126,877
week12_formal_sorting_v1,week12_formal_sorting_v1__run001,incremental_valid_n128_002,32,incremental_valid,128,20389203,f7e0138f25f8a4156130da5df96580af23d5ccaeee9c45b7c537530f1a034a50,True,,nested_heavy_valid,64,63,127,1,2,63,61,124,0.9763779527559056,0.9763779527559056,21,27,27,575,880,1455,0.36659108087679515,0,0,0,checked,True,f0d76dfdfbf5467a030817361d4cedd8ddc8e86a9b24ee55e7749eb72a658b53,128,877,126,125,249,73,87,38,58,73,73,28,125,1,0,126,877
week12_formal_sorting_v1,week12_formal_sorting_v1__run001,incremental_valid_n128_003,33,incremental_valid,128,20389204,25306f818bbbedb45325db39136e6ce57a22c662cc200bfc3f3927afded7aef6,True,,nested_heavy_valid,64,63,127,3,1,61,62,123,0.968503937007874,0.968503937007874,30,23,30,906,863,1769,0.4457042076089695,0,0,0,checked,True,f0d76dfdfbf5467a030817361d4cedd8ddc8e86a9b24ee55e7749eb72a658b53,128,877,125,126,247,75,82,43,49,75,75,26,125,1,1,126,877
week12_formal_sorting_v1,week12_formal_sorting_v1__run001,incremental_valid_n128_004,34,incremental_valid,128,20389205,2311c72f7d04cc5271cb27f70be4916c6143bb3159de20a6aa72623752eb6ece,True,,nested_heavy_valid,64,63,127,3,1,61,62,123,0.968503937007874,0.968503937007874,25,25,25,810,823,1633,0.41143864953388765,0,0,0,checked,True,f0d76dfdfbf5467a030817361d4cedd8ddc8e86a9b24ee55e7749eb72a658b53,128,877,125,125,247,73,89,36,54,73,73,23,125,0,0,126,877
week12_formal_sorting_v1,week12_formal_sorting_v1__run001,incremental_valid_n128_005,35,incremental_valid,128,20389206,ee99f31d71163bf4a747074f6da58c7634689ff697b972ead6cc7b02336049f5,True,,nested_heavy_valid,64,63,127,1,2,63,61,124,0.9763779527559056,0.9763779527559056,30,28,30,972,858,1830,0.46107331821617537,0,0,0,checked,True,f0d76dfdfbf5467a030817361d4cedd8ddc8e86a9b24ee55e7749eb72a658b53,128,877,125,126,249,77,87,38,57,77,77,29,125,1,0,126,877
week12_formal_sorting_v1,week12_formal_sorting_v1__run001,incremental_valid_n128_006,36,incremental_valid,128,20389207,767323ba7cd5322788135e51a8704602cc0413d28c285fed62e66a9560dd20f6,True,,nested_heavy_valid,64,63,127,3,1,61,62,123,0.968503937007874,0.968503937007874,20,20,20,531,504,1035,0.26077097505668934,0,0,0,checked,True,f0d76dfdfbf5467a030817361d4cedd8ddc8e86a9b24ee55e7749eb72a658b53,128,877,125,125,247,72,86,39,55,72,72,33,125,0,0,126,877
week12_formal_sorting_v1,week12_formal_sorting_v1__run001,incremental_valid_n128_007,37,incremental_valid,128,20389208,b40a3c59b9210c43d777311458ab46c42631c2af18fd940829a494e77fe3a9dd,True,,nested_heavy_valid,64,63,127,1,1,63,62,125,0.984251968503937,0.984251968503937,23,26,26,773,792,1565,0.3943058704963467,0,0,0,checked,True,f0d76dfdfbf5467a030817361d4cedd8ddc8e86a9b24ee55e7749eb72a658b53,128,877,125,125,250,82,83,42,54,82,82,35,125,0,0,126,877
week12_formal_sorting_v1,week12_formal_sorting_v1__run001,incremental_valid_n128_008,38,incremental_valid,128,20389209,1752920e2c571eed0202773e39f1e0b4ae12ced13426d04301bb77160e130ac7,True,,nested_heavy_valid,64,63,127,2,1,62,62,124,0.9763779527559056,0.9763779527559056,20,20,20,584,708,1292,0.3255228017132779,0,0,0,checked,True,f0d76dfdfbf5467a030817361d4cedd8ddc8e86a9b24ee55e7749eb72a658b53,128,877,125,125,249,85,81,44,59,85,85,38,125,0,0,126,877
week12_formal_sorting_v1,week12_formal_sorting_v1__run001,incremental_valid_n128_009,39,incremental_valid,128,20389210,77a8703114b9763d7cbbf4d4ca8756b499ce1b1eb56ecd5ec5c73fde5fcbcea5,True,,nested_heavy_valid,64,63,127,5,3,59,60,119,0.937007874015748,0.937007874015748,22,24,24,638,736,1374,0.34618291761148906,0,0,0,checked,True,f0d76dfdfbf5467a030817361d4cedd8ddc8e86a9b24ee55e7749eb72a658b53,128,877,126,126,246,77,82,43,57,77,77,32,125,2,0,126,877
week12_formal_sorting_v1,week12_formal_sorting_v1__run001,incremental_valid_n128_010,40,incremental_valid,128,20389211,8e259d8d137fc20035d6c68993057ea5ab77d2e19230e547888768a8e52d88db,True,,nested_heavy_valid,64,63,127,2,2,62,61,123,0.968503937007874,0.968503937007874,22,20,22,665,612,1277,0.3217435122197027,0,0,0,checked,True,f0d76dfdfbf5467a030817361d4cedd8ddc8e86a9b24ee55e7749eb72a658b53,128,877,125,126,245,78,77,48,51,78,78,28,125,1,0,126,877
week12_formal_sorting_v1,week12_formal_sorting_v1__run001,incremental_valid_n256_001,41,incremental_valid,256,20517202,ed65a232261b7ac9e6382be915d75783cce4e1c8dc28095d54fdb8b98549a519,True,,nested_heavy_valid,128,127,255,1,3,127,124,251,0.984313725490196,0.984313725490196,53,51,53,3689,3078,6767,0.4195548391096782,0,0,0,checked,True,cd095f49e534e18d8cd5be896b1d644ec58567b1e334366b4baa24a10cade754,256,1773,254,254,503,153,179,74,108,153,153,50,253,2,2,254,1773
week12_formal_sorting_v1,week12_formal_sorting_v1__run001,incremental_valid_n256_002,42,incremental_valid,256,20517203,1e5944e30a8df11751e6069254b5c51327a83546fe2ef7b1bf8c5580427f0127,True,,nested_heavy_valid,128,127,255,2,5,126,122,248,0.9725490196078431,0.9725490196078431,53,46,53,2954,2721,5675,0.3518507037014074,0,0,0,checked,True,cd095f49e534e18d8cd5be896b1d644ec58567b1e334366b4baa24a10cade754,256,1773,253,253,504,144,166,87,108,144,144,39,253,0,0,254,1773
week12_formal_sorting_v1,week12_formal_sorting_v1__run001,incremental_valid_n256_003,43,incremental_valid,256,20517204,720fa395f9ba4e81a14b1d67a09566668cd61d2dcdc72171d441e1c0a5e5cc52,True,,nested_heavy_valid,128,127,255,1,2,127,125,252,0.9882352941176471,0.9882352941176471,52,49,52,3228,3298,6526,0.40461280922561843,0,0,0,checked,True,cd095f49e534e18d8cd5be896b1d644ec58567b1e334366b4baa24a10cade754,256,1773,255,253,502,158,158,95,104,158,158,36,253,2,1,254,1773
week12_formal_sorting_v1,week12_formal_sorting_v1__run001,incremental_valid_n256_004,44,incremental_valid,256,20517205,18222fa4075c41573032a4d2a7f5be653e9f1d7930fe22f9475d6999857a5ddc,True,,nested_heavy_valid,128,127,255,1,3,127,124,251,0.984313725490196,0.984313725490196,50,47,50,3084,2652,5736,0.3556327112654225,0,0,0,checked,True,cd095f49e534e18d8cd5be896b1d644ec58567b1e334366b4baa24a10cade754,256,1773,253,253,502,151,164,89,95,151,151,37,253,0,0,254,1773
week12_formal_sorting_v1,week12_formal_sorting_v1__run001,incremental_valid_n256_005,45,incremental_valid,256,20517206,15c98e68e54a57398f2c6b6a9129da60693da35b10f171f65be2db856f475849,True,,nested_heavy_valid,128,127,255,1,1,127,126,253,0.9921568627450981,0.9921568627450981,55,55,55,3532,3630,7162,0.44404488808977616,0,0,0,checked,True,cd095f49e534e18d8cd5be896b1d644ec58567b1e334366b4baa24a10cade754,256,1773,253,253,506,132,170,83,96,132,132,32,253,0,0,254,1773
week12_formal_sorting_v1,week12_formal_sorting_v1__run001,incremental_valid_n256_006,46,incremental_valid,256,20517207,f84416a0a1e6915d73b03592fe8bd73bddf0e514c199c5d247b48bd536db1526,True,,nested_heavy_valid,128,127,255,2,1,126,126,252,0.9882352941176471,0.9882352941176471,46,48,48,2462,2558,5020,0.31124062248124496,0,0,0,checked,True,cd095f49e534e18d8cd5be896b1d644ec58567b1e334366b4baa24a10cade754,256,1773,256,253,493,156,168,85,109,156,156,48,253,3,1,254,1773
week12_formal_sorting_v1,week12_formal_sorting_v1__run001,incremental_valid_n256_007,47,incremental_valid,256,20517208,07f69fb5288951e3b213da15a66bfe02ffcf15a4197cca3fdc818b9d773e1f9e,True,,nested_heavy_valid,128,127,255,3,2,125,125,250,0.9803921568627451,0.9803921568627451,51,59,59,3075,3646,6721,0.41670283340566683,0,0,0,checked,True,cd095f49e534e18d8cd5be896b1d644ec58567b1e334366b4baa24a10cade754,256,1773,253,253,500,158,174,79,112,158,158,53,253,0,0,254,1773
week12_formal_sorting_v1,week12_formal_sorting_v1__run001,incremental_valid_n256_008,48,incremental_valid,256,20517209,13a2482a74b08c69d4618f7b700a650fc123d2818597c7f1914ba5d4f5f9efed,True,,nested_heavy_valid,128,127,255,3,1,125,126,251,0.984313725490196,0.984313725490196,61,59,61,3977,3834,7811,0.4842829685659371,0,0,0,checked,True,cd095f49e534e18d8cd5be896b1d644ec58567b1e334366b4baa24a10cade754,256,1773,254,253,503,150,172,81,102,150,150,31,253,1,1,254,1773
week12_formal_sorting_v1,week12_formal_sorting_v1__run001,incremental_valid_n256_009,49,incremental_valid,256,20517210,9d9a7e34414166815d78f271cd927bab82b9f31669efb59dfe35b5dd27b22e99,True,,nested_heavy_valid,128,127,255,2,2,126,125,251,0.984313725490196,0.984313725490196,50,66,66,2933,3929,6862,0.4254448508897018,0,0,0,checked,True,cd095f49e534e18d8cd5be896b1d644ec58567b1e334366b4baa24a10cade754,256,1773,255,254,503,134,188,65,105,134,134,43,253,3,2,254,1773
week12_formal_sorting_v1,week12_formal_sorting_v1__run001,incremental_valid_n256_010,50,incremental_valid,256,20517211,9a1ec79632a7bad84064c001b4b26dace7477b3e19ac23e7a65d1a48253169d5,True,,nested_heavy_valid,128,127,255,3,1,125,126,251,0.984313725490196,0.984313725490196,49,48,49,3015,3141,6156,0.3816727633455267,0,0,0,checked,True,cd095f49e534e18d8cd5be896b1d644ec58567b1e334366b4baa24a10cade754,256,1773,254,253,499,155,157,96,110,155,155,52,253,1,0,254,1773
week12_formal_sorting_v1,week12_formal_sorting_v1__run001,incremental_valid_n512_001,51,incremental_valid,512,20773202,a92c4384cfd4729495b762d53f9c0eb833d1d0c47be0d7dc8d9a901c7c35bd1e,True,,nested_heavy_valid,256,255,511,3,2,253,253,506,0.9902152641878669,0.9902152641878669,112,109,112,13575,11742,25317,0.3893425605536332,0,0,0,checked,True,cee2d84d07588bde247877928568e20c93ac99dfc7b4c4e8524423bbe6910632,512,3565,509,510,1013,275,348,161,198,275,275,54,509,1,0,510,3565
week12_formal_sorting_v1,week12_formal_sorting_v1__run001,incremental_valid_n512_002,52,incremental_valid,512,20773203,db4a5bf8a9661ee648c929363d36c69310f7cbd05ff0ac74316c4e8e6d7ff024,True,,nested_heavy_valid,256,255,511,1,1,255,254,509,0.9960861056751468,0.9960861056751468,125,118,125,16272,15587,31859,0.4899500192233756,0,0,0,checked,True,cee2d84d07588bde247877928568e20c93ac99dfc7b4c4e8524423bbe6910632,512,3565,509,509,1018,259,345,164,181,259,259,40,509,0,0,510,3565
week12_formal_sorting_v1,week12_formal_sorting_v1__run001,incremental_valid_n512_003,53,incremental_valid,512,20773204,49bacd1b967f8651fbe48017f044109e44875f1b21d3e1d21ecca16ebb312206,True,,nested_heavy_valid,256,255,511,1,2,255,253,508,0.9941291585127201,0.9941291585127201,113,106,113,13357,12302,25659,0.3946020761245675,0,0,0,checked,True,cee2d84d07588bde247877928568e20c93ac99dfc7b4c4e8524423bbe6910632,512,3565,509,510,1017,264,351,158,196,264,264,50,509,1,0,510,3565
week12_formal_sorting_v1,week12_formal_sorting_v1__run001,incremental_valid_n512_004,54,incremental_valid,512,20773205,67a3f6035d7208e3856b9debc1e7bb55784f63c53912ad93fc6ee3b754861f40,True,,nested_heavy_valid,256,255,511,1,1,255,254,509,0.9960861056751468,0.9960861056751468,119,118,119,14276,14218,28494,0.4382006920415225,0,0,0,checked,True,cee2d84d07588bde247877928568e20c93ac99dfc7b4c4e8524423bbe6910632,512,3565,509,509,1018,250,353,156,183,250,250,47,509,0,0,510,3565
week12_formal_sorting_v1,week12_formal_sorting_v1__run001,incremental_valid_n512_005,55,incremental_valid,512,20773206,0130f1f0ad0a37335c3c392cf5e142842beeae8d9e26b340aa0d1c3f1d2f56d5,True,,nested_heavy_valid,256,255,511,2,3,254,252,506,0.9902152641878669,0.9902152641878669,131,104,131,17477,12139,29616,0.4554555940023068,0,0,0,checked,True,cee2d84d07588bde247877928568e20c93ac99dfc7b4c4e8524423bbe6910632,512,3565,509,509,1016,273,344,165,185,273,273,49,509,0,0,510,3565
week12_formal_sorting_v1,week12_formal_sorting_v1__run001,incremental_valid_n512_006,56,incremental_valid,512,20773207,7fd17e63868ec8551085737fb8a24d3c1613cc365f5de2d5d0a69e6b35400091,True,,nested_heavy_valid,256,255,511,2,2,254,253,507,0.9921722113502935,0.9921722113502935,112,109,112,13282,13635,26917,0.4139484813533256,0,0,0,checked,True,cee2d84d07588bde247877928568e20c93ac99dfc7b4c4e8524423bbe6910632,512,3565,509,509,1011,295,346,163,211,295,295,55,509,0,0,510,3565
week12_formal_sorting_v1,week12_formal_sorting_v1__run001,incremental_valid_n512_007,57,incremental_valid,512,20773208,6f17c0f78a7a9888fbd7e954b508a090489c63bdbf9676410b67f79c10a0b162,True,,nested_heavy_valid,256,255,511,1,3,255,252,507,0.9921722113502935,0.9921722113502935,122,115,122,14134,14338,28472,0.43786236063052675,0,0,0,checked,True,cee2d84d07588bde247877928568e20c93ac99dfc7b4c4e8524423bbe6910632,512,3565,509,509,1016,254,343,166,183,254,254,49,509,0,0,510,3565
week12_formal_sorting_v1,week12_formal_sorting_v1__run001,incremental_valid_n512_008,58,incremental_valid,512,20773209,9b4b350acd05591a065985d32888e4ac10f4d06d2872eb7526053ad6db55f693,True,,nested_heavy_valid,256,255,511,3,1,253,254,507,0.9921722113502935,0.9921722113502935,112,117,117,13131,14057,27188,0.41811610918877357,0,0,0,checked,True,cee2d84d07588bde247877928568e20c93ac99dfc7b4c4e8524423bbe6910632,512,3565,510,509,1016,287,345,164,199,287,287,69,509,1,0,510,3565
week12_formal_sorting_v1,week12_formal_sorting_v1__run001,incremental_valid_n512_009,59,incremental_valid,512,20773210,7850b78aa12865a62a9f796b6fd156903294b547fade352fb52e60ef9e37677d,True,,nested_heavy_valid,256,255,511,2,1,254,254,508,0.9941291585127201,0.9941291585127201,108,106,108,12870,12274,25144,0.3866820453671665,0,0,0,checked,True,cee2d84d07588bde247877928568e20c93ac99dfc7b4c4e8524423bbe6910632,512,3565,509,509,1013,304,347,162,217,304,304,73,509,0,0,510,3565
week12_formal_sorting_v1,week12_formal_sorting_v1__run001,incremental_valid_n512_010,60,incremental_valid,512,20773211,5a82ab1725b081ca4137edf03ee715d2f5b48a1dd8fc4db88f183d32adee81dd,True,,nested_heavy_valid,256,255,511,1,1,255,254,509,0.9960861056751468,0.9960861056751468,120,115,120,14928,13966,28894,0.4443521722414456,0,0,0,checked,True,cee2d84d07588bde247877928568e20c93ac99dfc7b4c4e8524423bbe6910632,512,3565,509,509,1018,274,349,160,187,274,274,55,509,0,0,510,3565
